{"v":"5.1.16","fr":29.9700012207031,"ip":0,"op":90.0000036657751,"w":400,"h":400,"nm":"Comp 1","ddd":0,"assets":[],"layers":[{"ddd":0,"ind":1,"ty":3,"nm":"circle","parent":2,"sr":1,"ks":{"o":{"a":0,"k":0,"ix":11},"r":{"a":1,"k":[{"i":{"x":[0.833],"y":[0.833]},"o":{"x":[0.167],"y":[0.167]},"n":["0p833_0p833_0p167_0p167"],"t":0,"s":[0],"e":[-360]},{"t":90.0000036657751}],"ix":10},"p":{"s":true,"x":{"a":0,"k":22,"ix":3},"y":{"a":0,"k":19,"ix":4}},"a":{"a":0,"k":[49,51,0],"ix":1},"s":{"a":0,"k":[100,100,100],"ix":6}},"ao":0,"ip":0,"op":899.000036617021,"st":0,"bm":0},{"ddd":0,"ind":2,"ty":3,"nm":"center","sr":1,"ks":{"o":{"a":0,"k":0,"ix":11},"r":{"a":1,"k":[{"i":{"x":[0.833],"y":[0.833]},"o":{"x":[0.167],"y":[0.167]},"n":["0p833_0p833_0p167_0p167"],"t":0,"s":[0],"e":[360]},{"t":90.0000036657751}],"ix":10},"p":{"a":0,"k":[268,237,0],"ix":2},"a":{"a":0,"k":[49,51,0],"ix":1},"s":{"a":0,"k":[100,100,100],"ix":6}},"ao":0,"ip":0,"op":899.000036617021,"st":0,"bm":0},{"ddd":0,"ind":3,"ty":4,"nm":"magnifier Outlines","parent":1,"sr":1,"ks":{"o":{"a":0,"k":100,"ix":11},"r":{"a":0,"k":0,"ix":10},"p":{"a":0,"k":[58.225,61.455,0],"ix":2},"a":{"a":0,"k":[72.875,72.875,0],"ix":1},"s":{"a":0,"k":[100,100,100],"ix":6}},"ao":0,"shapes":[{"ty":"gr","it":[{"ind":0,"ty":"sh","ix":1,"ks":{"a":0,"k":{"i":[[0,0],[0,0],[0,0],[0,13.371],[29.814,0],[0,-29.814],[-29.815,0],[-9.467,8.139],[0,0],[0,0],[0,0],[0,0]],"o":[[0,0],[0,0],[8.139,-9.468],[0,-29.814],[-29.815,0],[0,29.814],[13.37,0],[0,0],[0,0],[0,0],[0,0],[0,0]],"v":[[31.184,18.728],[24.623,18.728],[22.298,16.486],[35.336,-18.644],[-18.644,-72.625],[-72.625,-18.644],[-18.644,35.337],[16.485,22.298],[18.727,24.624],[18.727,31.185],[60.251,72.625],[72.625,60.251]],"c":true},"ix":2},"nm":"Path 1","mn":"ADBE Vector Shape - Group","hd":false},{"ind":1,"ty":"sh","ix":2,"ks":{"a":0,"k":{"i":[[20.664,-0.792],[0.791,20.664],[-20.664,0.792],[-0.791,-20.663]],"o":[[-20.664,0.791],[-0.792,-20.663],[20.663,-0.791],[0.791,20.664]],"v":[[-17.214,18.701],[-55.988,-17.214],[-20.074,-55.988],[18.7,-20.074]],"c":true},"ix":2},"nm":"Path 2","mn":"ADBE Vector Shape - Group","hd":false},{"ty":"mm","mm":1,"nm":"Merge Paths 1","mn":"ADBE Vector Filter - Merge","hd":false},{"ty":"fl","c":{"a":0,"k":[0.211999990426,0.579999976065,0.592000026329,1],"ix":4},"o":{"a":0,"k":100,"ix":5},"r":1,"nm":"Fill 1","mn":"ADBE Vector Graphic - Fill","hd":false},{"ty":"tr","p":{"a":0,"k":[72.875,72.875],"ix":2},"a":{"a":0,"k":[0,0],"ix":1},"s":{"a":0,"k":[100,100],"ix":3},"r":{"a":0,"k":0,"ix":6},"o":{"a":0,"k":100,"ix":7},"sk":{"a":0,"k":0,"ix":4},"sa":{"a":0,"k":0,"ix":5},"nm":"Transform"}],"nm":"Group 1","np":4,"cix":2,"ix":1,"mn":"ADBE Vector Group","hd":false}],"ip":0,"op":899.000036617021,"st":0,"bm":0},{"ddd":0,"ind":4,"ty":4,"nm":"id Outlines","sr":1,"ks":{"o":{"a":0,"k":100,"ix":11},"r":{"a":0,"k":0,"ix":10},"p":{"a":0,"k":[200,200,0],"ix":2},"a":{"a":0,"k":[121.89,82.007,0],"ix":1},"s":{"a":0,"k":[100,100,100],"ix":6}},"ao":0,"shapes":[{"ty":"gr","it":[{"ind":0,"ty":"sh","ix":1,"ks":{"a":0,"k":{"i":[[3.047,0],[0,0],[0,3.048],[-3.047,0],[0,0],[0,-3.047]],"o":[[0,0],[-3.047,0],[0,-3.047],[0,0],[3.047,0],[0,3.048]],"v":[[40.423,5.518],[-40.423,5.518],[-45.941,0],[-40.423,-5.518],[40.423,-5.518],[45.941,0]],"c":true},"ix":2},"nm":"Path 1","mn":"ADBE Vector Shape - Group","hd":false},{"ty":"fl","c":{"a":0,"k":[0.736999990426,0.776000019148,0.776000019148,1],"ix":4},"o":{"a":0,"k":100,"ix":5},"r":1,"nm":"Fill 1","mn":"ADBE Vector Graphic - Fill","hd":false},{"ty":"tr","p":{"a":0,"k":[168.267,112.585],"ix":2},"a":{"a":0,"k":[0,0],"ix":1},"s":{"a":0,"k":[100,100],"ix":3},"r":{"a":0,"k":0,"ix":6},"o":{"a":0,"k":100,"ix":7},"sk":{"a":0,"k":0,"ix":4},"sa":{"a":0,"k":0,"ix":5},"nm":"Transform"}],"nm":"Group 1","np":2,"cix":2,"ix":1,"mn":"ADBE Vector Group","hd":false},{"ty":"gr","it":[{"ind":0,"ty":"sh","ix":1,"ks":{"a":0,"k":{"i":[[3.047,0],[0,0],[0,3.048],[-3.047,0],[0,0],[0,-3.047]],"o":[[0,0],[-3.047,0],[0,-3.047],[0,0],[3.047,0],[0,3.048]],"v":[[40.423,5.518],[-40.423,5.518],[-45.941,0],[-40.423,-5.518],[40.423,-5.518],[45.941,0]],"c":true},"ix":2},"nm":"Path 1","mn":"ADBE Vector Shape - Group","hd":false},{"ty":"fl","c":{"a":0,"k":[0.736999990426,0.776000019148,0.776000019148,1],"ix":4},"o":{"a":0,"k":100,"ix":5},"r":1,"nm":"Fill 1","mn":"ADBE Vector Graphic - Fill","hd":false},{"ty":"tr","p":{"a":0,"k":[168.267,82.006],"ix":2},"a":{"a":0,"k":[0,0],"ix":1},"s":{"a":0,"k":[100,100],"ix":3},"r":{"a":0,"k":0,"ix":6},"o":{"a":0,"k":100,"ix":7},"sk":{"a":0,"k":0,"ix":4},"sa":{"a":0,"k":0,"ix":5},"nm":"Transform"}],"nm":"Group 2","np":2,"cix":2,"ix":2,"mn":"ADBE Vector Group","hd":false},{"ty":"gr","it":[{"ind":0,"ty":"sh","ix":1,"ks":{"a":0,"k":{"i":[[3.047,0],[0,0],[0,3.048],[-3.047,0],[0,0],[0,-3.047]],"o":[[0,0],[-3.047,0],[0,-3.047],[0,0],[3.047,0],[0,3.048]],"v":[[22.201,5.518],[-22.202,5.518],[-27.719,0],[-22.202,-5.518],[22.201,-5.518],[27.719,0]],"c":true},"ix":2},"nm":"Path 1","mn":"ADBE Vector Shape - Group","hd":false},{"ty":"fl","c":{"a":0,"k":[0.736999990426,0.776000019148,0.776000019148,1],"ix":4},"o":{"a":0,"k":100,"ix":5},"r":1,"nm":"Fill 1","mn":"ADBE Vector Graphic - Fill","hd":false},{"ty":"tr","p":{"a":0,"k":[150.046,51.428],"ix":2},"a":{"a":0,"k":[0,0],"ix":1},"s":{"a":0,"k":[100,100],"ix":3},"r":{"a":0,"k":0,"ix":6},"o":{"a":0,"k":100,"ix":7},"sk":{"a":0,"k":0,"ix":4},"sa":{"a":0,"k":0,"ix":5},"nm":"Transform"}],"nm":"Group 3","np":2,"cix":2,"ix":3,"mn":"ADBE Vector Group","hd":false},{"ty":"gr","it":[{"ind":0,"ty":"sh","ix":1,"ks":{"a":0,"k":{"i":[[0,0],[0,-6.658],[0,0],[-6.659,0],[0,0],[0,6.658],[0,0],[6.658,0]],"o":[[-6.659,0],[0,0],[0,6.658],[0,0],[6.658,0],[0,0],[0,-6.658],[0,0]],"v":[[-98.529,-70.72],[-110.605,-58.645],[-110.605,58.645],[-98.529,70.719],[98.529,70.719],[110.604,58.645],[110.604,-58.645],[98.529,-70.72]],"c":true},"ix":2},"nm":"Path 1","mn":"ADBE Vector Shape - Group","hd":false},{"ind":1,"ty":"sh","ix":2,"ks":{"a":0,"k":{"i":[[12.744,0],[0,0],[0,12.743],[0,0],[-12.743,0],[0,0],[0,-12.744],[0,0]],"o":[[0,0],[-12.743,0],[0,0],[0,-12.744],[0,0],[12.744,0],[0,0],[0,12.743]],"v":[[98.529,81.757],[-98.529,81.757],[-121.639,58.645],[-121.639,-58.645],[-98.529,-81.757],[98.529,-81.757],[121.639,-58.645],[121.639,58.645]],"c":true},"ix":2},"nm":"Path 2","mn":"ADBE Vector Shape - Group","hd":false},{"ty":"mm","mm":1,"nm":"Merge Paths 1","mn":"ADBE Vector Filter - Merge","hd":false},{"ty":"fl","c":{"a":0,"k":[0.736999990426,0.776000019148,0.776000019148,1],"ix":4},"o":{"a":0,"k":100,"ix":5},"r":1,"nm":"Fill 1","mn":"ADBE Vector Graphic - Fill","hd":false},{"ty":"tr","p":{"a":0,"k":[121.889,82.007],"ix":2},"a":{"a":0,"k":[0,0],"ix":1},"s":{"a":0,"k":[100,100],"ix":3},"r":{"a":0,"k":0,"ix":6},"o":{"a":0,"k":100,"ix":7},"sk":{"a":0,"k":0,"ix":4},"sa":{"a":0,"k":0,"ix":5},"nm":"Transform"}],"nm":"Group 4","np":4,"cix":2,"ix":4,"mn":"ADBE Vector Group","hd":false},{"ty":"gr","it":[{"ind":0,"ty":"sh","ix":1,"ks":{"a":0,"k":{"i":[[0.583,0],[0.765,2.165],[13.4,0],[4.681,-13.225],[2.747,0.972],[-0.972,2.747],[-7.065,5.236],[-8.959,0],[-7.273,-5.392],[-2.986,-8.438],[2.746,-0.972]],"o":[[-2.173,0],[-4.68,-13.225],[-13.401,0],[-0.972,2.747],[-2.746,-0.972],[2.986,-8.438],[7.273,-5.392],[8.958,0],[7.065,5.236],[0.972,2.747],[-0.582,0.205]],"v":[[35.202,17.755],[30.229,14.238],[0,-7.873],[-30.229,14.238],[-36.962,17.452],[-40.175,10.719],[-24.811,-10.183],[0,-18.424],[24.811,-10.183],[40.175,10.719],[36.962,17.452]],"c":true},"ix":2},"nm":"Path 1","mn":"ADBE Vector Shape - Group","hd":false},{"ty":"fl","c":{"a":0,"k":[0.736999990426,0.776000019148,0.776000019148,1],"ix":4},"o":{"a":0,"k":100,"ix":5},"r":1,"nm":"Fill 1","mn":"ADBE Vector Graphic - Fill","hd":false},{"ty":"tr","p":{"a":0,"k":[61.653,103.817],"ix":2},"a":{"a":0,"k":[0,0],"ix":1},"s":{"a":0,"k":[100,100],"ix":3},"r":{"a":0,"k":0,"ix":6},"o":{"a":0,"k":100,"ix":7},"sk":{"a":0,"k":0,"ix":4},"sa":{"a":0,"k":0,"ix":5},"nm":"Transform"}],"nm":"Group 5","np":2,"cix":2,"ix":5,"mn":"ADBE Vector Group","hd":false},{"ty":"gr","it":[{"ind":0,"ty":"sh","ix":1,"ks":{"a":0,"k":{"i":[[8.908,0],[0,-8.907],[-8.907,0],[0,8.908]],"o":[[-8.907,0],[0,8.908],[8.908,0],[0,-8.907]],"v":[[0,-16.155],[-16.154,0],[0,16.155],[16.154,0]],"c":true},"ix":2},"nm":"Path 1","mn":"ADBE Vector Shape - Group","hd":false},{"ind":1,"ty":"sh","ix":2,"ks":{"a":0,"k":{"i":[[14.725,0],[0,14.725],[-14.725,0],[0,-14.725]],"o":[[-14.725,0],[0,-14.725],[14.725,0],[0,14.725]],"v":[[0,26.704],[-26.705,0],[0,-26.704],[26.705,0]],"c":true},"ix":2},"nm":"Path 2","mn":"ADBE Vector Shape - Group","hd":false},{"ty":"mm","mm":1,"nm":"Merge Paths 1","mn":"ADBE Vector Filter - Merge","hd":false},{"ty":"fl","c":{"a":0,"k":[0.736999990426,0.776000019148,0.776000019148,1],"ix":4},"o":{"a":0,"k":100,"ix":5},"r":1,"nm":"Fill 1","mn":"ADBE Vector Graphic - Fill","hd":false},{"ty":"tr","p":{"a":0,"k":[61.187,69.145],"ix":2},"a":{"a":0,"k":[0,0],"ix":1},"s":{"a":0,"k":[100,100],"ix":3},"r":{"a":0,"k":0,"ix":6},"o":{"a":0,"k":100,"ix":7},"sk":{"a":0,"k":0,"ix":4},"sa":{"a":0,"k":0,"ix":5},"nm":"Transform"}],"nm":"Group 6","np":4,"cix":2,"ix":6,"mn":"ADBE Vector Group","hd":false}],"ip":0,"op":899.000036617021,"st":0,"bm":0}],"markers":[]}